<?xml version="1.0" encoding="UTF-8"?><module codename="org.netbeans.modules.templatesui">
    <module_version install_time="1530453281463" last="true" origin="installer" specification_version="1.2.1">
        <file crc="1388336889" name="config/Modules/org-netbeans-modules-templatesui.xml"/>
        <file crc="2426450417" name="modules/locale/org-netbeans-modules-templatesui_ja.jar"/>
        <file crc="498503517" name="modules/locale/org-netbeans-modules-templatesui_pt_BR.jar"/>
        <file crc="1476053894" name="modules/locale/org-netbeans-modules-templatesui_ru.jar"/>
        <file crc="815071015" name="modules/locale/org-netbeans-modules-templatesui_zh_CN.jar"/>
        <file crc="2143826842" name="modules/org-netbeans-modules-templatesui.jar"/>
    </module_version>
</module>
