<?xml version="1.0" encoding="UTF-8"?><module codename="org.netbeans.core.multiview/1">
    <module_version install_time="1530453272720" last="true" origin="installer" specification_version="1.43.1">
        <file crc="3216778929" name="config/Modules/org-netbeans-core-multiview.xml"/>
        <file crc="1060134714" name="modules/locale/org-netbeans-core-multiview_ja.jar"/>
        <file crc="2760121031" name="modules/locale/org-netbeans-core-multiview_pt_BR.jar"/>
        <file crc="548948164" name="modules/locale/org-netbeans-core-multiview_ru.jar"/>
        <file crc="1801910581" name="modules/locale/org-netbeans-core-multiview_zh_CN.jar"/>
        <file crc="3070602745" name="modules/org-netbeans-core-multiview.jar"/>
    </module_version>
</module>
