<?xml version="1.0" encoding="UTF-8"?><module codename="org.openide.text">
    <module_version install_time="1530453286424" last="true" origin="installer" specification_version="6.66.1">
        <file crc="2441864466" name="config/ModuleAutoDeps/org-openide-text.xml"/>
        <file crc="1795978028" name="config/Modules/org-openide-text.xml"/>
        <file crc="2897175702" name="modules/locale/org-openide-text_ja.jar"/>
        <file crc="1593487718" name="modules/locale/org-openide-text_pt_BR.jar"/>
        <file crc="566496090" name="modules/locale/org-openide-text_ru.jar"/>
        <file crc="3006629570" name="modules/locale/org-openide-text_zh_CN.jar"/>
        <file crc="1010427602" name="modules/org-openide-text.jar"/>
    </module_version>
</module>
