<?xml version="1.0" encoding="UTF-8"?><module codename="org.netbeans.modules.templates/1">
    <module_version install_time="1530453281287" last="true" origin="installer" specification_version="1.6.1">
        <file crc="1866266725" name="config/Modules/org-netbeans-modules-templates.xml"/>
        <file crc="3918872883" name="modules/locale/org-netbeans-modules-templates_ja.jar"/>
        <file crc="283206756" name="modules/locale/org-netbeans-modules-templates_pt_BR.jar"/>
        <file crc="501999709" name="modules/locale/org-netbeans-modules-templates_ru.jar"/>
        <file crc="3749541071" name="modules/locale/org-netbeans-modules-templates_zh_CN.jar"/>
        <file crc="4274369257" name="modules/org-netbeans-modules-templates.jar"/>
    </module_version>
</module>
