<?xml version="1.0" encoding="UTF-8"?><module codename="org.openide.util.enumerations">
    <module_version install_time="1530453284487" last="true" origin="installer" specification_version="6.32.1">
        <file crc="4290833959" name="config/Modules/org-openide-util-enumerations.xml"/>
        <file crc="660117115" name="modules/locale/org-openide-util-enumerations_ja.jar"/>
        <file crc="2179481182" name="modules/locale/org-openide-util-enumerations_pt_BR.jar"/>
        <file crc="328891191" name="modules/locale/org-openide-util-enumerations_ru.jar"/>
        <file crc="3530361315" name="modules/locale/org-openide-util-enumerations_zh_CN.jar"/>
        <file crc="2669044431" name="modules/org-openide-util-enumerations.jar"/>
    </module_version>
</module>
