<?xml version="1.0" encoding="UTF-8"?><module codename="org.netbeans.core/2">
    <module_version install_time="1530453274201" last="true" origin="installer" specification_version="3.49.1">
        <file crc="1234898518" name="config/ModuleAutoDeps/org-netbeans-core.xml"/>
        <file crc="2943625018" name="config/Modules/org-netbeans-core.xml"/>
        <file crc="1796006454" name="modules/locale/org-netbeans-core_ja.jar"/>
        <file crc="355763997" name="modules/locale/org-netbeans-core_pt_BR.jar"/>
        <file crc="3883413835" name="modules/locale/org-netbeans-core_ru.jar"/>
        <file crc="3328564307" name="modules/locale/org-netbeans-core_zh_CN.jar"/>
        <file crc="3559418168" name="modules/org-netbeans-core.jar"/>
    </module_version>
</module>
