<?xml version="1.0" encoding="UTF-8"?><module codename="org.openide.nodes">
    <module_version install_time="1530453285542" last="true" origin="installer" specification_version="7.42.1">
        <file crc="11361373" name="config/ModuleAutoDeps/org-openide-nodes.xml"/>
        <file crc="3092369940" name="config/Modules/org-openide-nodes.xml"/>
        <file crc="251401423" name="modules/locale/org-openide-nodes_ja.jar"/>
        <file crc="2869064738" name="modules/locale/org-openide-nodes_pt_BR.jar"/>
        <file crc="3896610886" name="modules/locale/org-openide-nodes_ru.jar"/>
        <file crc="3222698692" name="modules/locale/org-openide-nodes_zh_CN.jar"/>
        <file crc="3035609872" name="modules/org-openide-nodes.jar"/>
    </module_version>
</module>
