<?xml version="1.0" encoding="UTF-8"?><module codename="org.netbeans.modules.queries/1">
    <module_version install_time="1530453286752" last="true" origin="installer" specification_version="1.42.1">
        <file crc="28992633" name="config/ModuleAutoDeps/org-netbeans-modules-queries.xml"/>
        <file crc="4168841736" name="config/Modules/org-netbeans-modules-queries.xml"/>
        <file crc="231397702" name="modules/locale/org-netbeans-modules-queries_ja.jar"/>
        <file crc="2939186123" name="modules/locale/org-netbeans-modules-queries_pt_BR.jar"/>
        <file crc="1415758153" name="modules/locale/org-netbeans-modules-queries_ru.jar"/>
        <file crc="326258733" name="modules/locale/org-netbeans-modules-queries_zh_CN.jar"/>
        <file crc="1207950030" name="modules/org-netbeans-modules-queries.jar"/>
    </module_version>
</module>
